<?xml version="1.0" encoding="UTF-8"?>

<mule xmlns:json="http://www.mulesoft.org/schema/mule/json" xmlns:http="http://www.mulesoft.org/schema/mule/http" xmlns="http://www.mulesoft.org/schema/mule/core" xmlns:doc="http://www.mulesoft.org/schema/mule/documentation"
	xmlns:spring="http://www.springframework.org/schema/beans" 
	xmlns:xsi="http://www.w3.org/2001/XMLSchema-instance"
	xsi:schemaLocation="http://www.springframework.org/schema/beans http://www.springframework.org/schema/beans/spring-beans-current.xsd
http://www.mulesoft.org/schema/mule/core http://www.mulesoft.org/schema/mule/core/current/mule.xsd
http://www.mulesoft.org/schema/mule/http http://www.mulesoft.org/schema/mule/http/current/mule-http.xsd
http://www.mulesoft.org/schema/mule/json http://www.mulesoft.org/schema/mule/json/current/mule-json.xsd">
    <flow name="ejemplo2Flow">
        <http:listener config-ref="HTTP_Listener_Configuration" path="/ejemplo2" allowedMethods="POST" doc:name="HTTP"/>
        <logger message="#[message.payloadAs(java.lang.String)]" level="INFO" doc:name="Logger"/>
        <json:json-to-object-transformer returnClass="java.lang.Object" doc:name="JSON to Object"/>
        <foreach collection="#[payload.IsVehiculo]" doc:name="For Each">
            <logger level="INFO" doc:name="Logger"/>
        </foreach>
        <set-payload value="Exito" doc:name="Set Payload"/>
    </flow>
</mule>
