<?xml version="1.0" encoding="UTF-8"?>

<mule xmlns:vm="http://www.mulesoft.org/schema/mule/vm" xmlns:http="http://www.mulesoft.org/schema/mule/http" xmlns="http://www.mulesoft.org/schema/mule/core" xmlns:doc="http://www.mulesoft.org/schema/mule/documentation"
	xmlns:spring="http://www.springframework.org/schema/beans" 
	xmlns:xsi="http://www.w3.org/2001/XMLSchema-instance"
	xsi:schemaLocation="http://www.springframework.org/schema/beans http://www.springframework.org/schema/beans/spring-beans-current.xsd
http://www.mulesoft.org/schema/mule/core http://www.mulesoft.org/schema/mule/core/current/mule.xsd
http://www.mulesoft.org/schema/mule/http http://www.mulesoft.org/schema/mule/http/current/mule-http.xsd
http://www.mulesoft.org/schema/mule/vm http://www.mulesoft.org/schema/mule/vm/current/mule-vm.xsd">
    <http:listener-config name="HTTP_Listener_Configuration" host="0.0.0.0" port="9090" basePath="base" doc:name="HTTP Listener Configuration"/>
    
    <configuration doc:name="Configuration">
    	<expression-language autoResolveVariables="false" />
    </configuration>
    
    <flow name="ejemplo1Flow">
        <http:listener config-ref="HTTP_Listener_Configuration" path="/datos" allowedMethods="GET" doc:name="HTTP"/>
        <set-variable variableName="nombre" value="juan" doc:name="Variable"/>
        <set-session-variable variableName="nombre" value="pedro" doc:name="Session Variable"/>
        <logger message="#[flowVars.nombre]" level="INFO" doc:name="LoggerVariable"/>
        <logger message="#[sessionVars.nombre]" level="INFO" doc:name="Logger"/>
        <vm:outbound-endpoint exchange-pattern="one-way" path="base" doc:name="VM"/>
    </flow>
    <flow name="ejemplo1Flow1">
        <vm:inbound-endpoint exchange-pattern="one-way" path="base" doc:name="VM"/>
        <logger message="#['Flujo 2: ' + sessionVars.nombre] #['Flujo 2: ' + flowVars.nombre]" level="INFO" doc:name="Logger"/>
    </flow>
</mule>
